-- Auto-generated by scripts/GenerateDevSeedData.java on 2026-04-22
-- Regenerate with: java scripts/GenerateDevSeedData.java

INSERT INTO clinic_session (
    id,
    hospital_id,
    department_id,
    doctor_id,
    session_date,
    period_code,
    clinic_type,
    session_status,
    capacity,
    remaining_count,
    fee,
    source_type
)
VALUES
    (4101, 3001, 3103, 3201, DATE '2026-04-23', 'MORNING', 'GENERAL', 'OPEN', 4, 3, 25.00, 'MANUAL'),
    (4102, 3001, 3101, 3202, DATE '2026-04-23', 'AFTERNOON', 'SPECIALIST', 'OPEN', 4, 4, 40.00, 'MANUAL'),
    (4103, 3001, 3102, 3203, DATE '2026-04-23', 'MORNING', 'GENERAL', 'OPEN', 4, 4, 30.00, 'MANUAL'),
    (4104, 3001, 3103, 3201, DATE '2026-04-24', 'MORNING', 'GENERAL', 'OPEN', 4, 4, 25.00, 'MANUAL'),
    (4105, 3001, 3101, 3202, DATE '2026-04-24', 'AFTERNOON', 'SPECIALIST', 'OPEN', 4, 4, 40.00, 'MANUAL'),
    (4106, 3001, 3102, 3203, DATE '2026-04-24', 'MORNING', 'GENERAL', 'OPEN', 4, 4, 30.00, 'MANUAL'),
    (4107, 3001, 3103, 3201, DATE '2026-04-25', 'MORNING', 'GENERAL', 'OPEN', 4, 4, 25.00, 'MANUAL'),
    (4108, 3001, 3101, 3202, DATE '2026-04-25', 'AFTERNOON', 'SPECIALIST', 'OPEN', 4, 4, 40.00, 'MANUAL'),
    (4109, 3001, 3102, 3203, DATE '2026-04-25', 'MORNING', 'GENERAL', 'OPEN', 4, 4, 30.00, 'MANUAL'),
    (4110, 3001, 3103, 3201, DATE '2026-04-26', 'MORNING', 'GENERAL', 'OPEN', 4, 4, 25.00, 'MANUAL'),
    (4111, 3001, 3101, 3202, DATE '2026-04-26', 'AFTERNOON', 'SPECIALIST', 'OPEN', 4, 4, 40.00, 'MANUAL'),
    (4112, 3001, 3102, 3203, DATE '2026-04-26', 'MORNING', 'GENERAL', 'OPEN', 4, 4, 30.00, 'MANUAL'),
    (4113, 3001, 3103, 3201, DATE '2026-04-27', 'MORNING', 'GENERAL', 'OPEN', 4, 4, 25.00, 'MANUAL'),
    (4114, 3001, 3101, 3202, DATE '2026-04-27', 'AFTERNOON', 'SPECIALIST', 'OPEN', 4, 4, 40.00, 'MANUAL'),
    (4115, 3001, 3102, 3203, DATE '2026-04-27', 'MORNING', 'GENERAL', 'OPEN', 4, 4, 30.00, 'MANUAL'),
    (4116, 3001, 3103, 3201, DATE '2026-04-28', 'MORNING', 'GENERAL', 'OPEN', 4, 4, 25.00, 'MANUAL'),
    (4117, 3001, 3101, 3202, DATE '2026-04-28', 'AFTERNOON', 'SPECIALIST', 'OPEN', 4, 4, 40.00, 'MANUAL'),
    (4118, 3001, 3102, 3203, DATE '2026-04-28', 'MORNING', 'GENERAL', 'OPEN', 4, 4, 30.00, 'MANUAL'),
    (4119, 3001, 3103, 3201, DATE '2026-04-29', 'MORNING', 'GENERAL', 'OPEN', 4, 4, 25.00, 'MANUAL'),
    (4120, 3001, 3101, 3202, DATE '2026-04-29', 'AFTERNOON', 'SPECIALIST', 'OPEN', 4, 4, 40.00, 'MANUAL'),
    (4121, 3001, 3102, 3203, DATE '2026-04-29', 'MORNING', 'GENERAL', 'OPEN', 4, 4, 30.00, 'MANUAL'),
    (4201, 3001, 3103, 3201, DATE '2026-04-17', 'MORNING', 'GENERAL', 'CLOSED', 1, 0, 25.00, 'MANUAL'),
    (4202, 3001, 3101, 3202, DATE '2026-04-22', 'AFTERNOON', 'SPECIALIST', 'CLOSED', 1, 0, 40.00, 'MANUAL'),
    (4203, 3001, 3102, 3203, DATE '2026-04-21', 'AFTERNOON', 'GENERAL', 'CLOSED', 1, 0, 30.00, 'MANUAL')
ON CONFLICT (id) DO NOTHING;

INSERT INTO clinic_slot (
    id,
    session_id,
    slot_seq,
    slot_start_time,
    slot_end_time,
    slot_status,
    capacity,
    remaining_count
)
VALUES
    (5101, 4101, 1, TIMESTAMPTZ '2026-04-23 09:00:00+08:00', TIMESTAMPTZ '2026-04-23 09:15:00+08:00', 'BOOKED', 1, 0),
    (5102, 4101, 2, TIMESTAMPTZ '2026-04-23 09:15:00+08:00', TIMESTAMPTZ '2026-04-23 09:30:00+08:00', 'AVAILABLE', 1, 1),
    (5103, 4101, 3, TIMESTAMPTZ '2026-04-23 09:30:00+08:00', TIMESTAMPTZ '2026-04-23 09:45:00+08:00', 'AVAILABLE', 1, 1),
    (5104, 4101, 4, TIMESTAMPTZ '2026-04-23 09:45:00+08:00', TIMESTAMPTZ '2026-04-23 10:00:00+08:00', 'AVAILABLE', 1, 1),
    (5105, 4102, 1, TIMESTAMPTZ '2026-04-23 14:00:00+08:00', TIMESTAMPTZ '2026-04-23 14:20:00+08:00', 'AVAILABLE', 1, 1),
    (5106, 4102, 2, TIMESTAMPTZ '2026-04-23 14:20:00+08:00', TIMESTAMPTZ '2026-04-23 14:40:00+08:00', 'AVAILABLE', 1, 1),
    (5107, 4102, 3, TIMESTAMPTZ '2026-04-23 14:40:00+08:00', TIMESTAMPTZ '2026-04-23 15:00:00+08:00', 'AVAILABLE', 1, 1),
    (5108, 4102, 4, TIMESTAMPTZ '2026-04-23 15:00:00+08:00', TIMESTAMPTZ '2026-04-23 15:20:00+08:00', 'AVAILABLE', 1, 1),
    (5109, 4103, 1, TIMESTAMPTZ '2026-04-23 10:00:00+08:00', TIMESTAMPTZ '2026-04-23 10:20:00+08:00', 'AVAILABLE', 1, 1),
    (5110, 4103, 2, TIMESTAMPTZ '2026-04-23 10:20:00+08:00', TIMESTAMPTZ '2026-04-23 10:40:00+08:00', 'AVAILABLE', 1, 1),
    (5111, 4103, 3, TIMESTAMPTZ '2026-04-23 10:40:00+08:00', TIMESTAMPTZ '2026-04-23 11:00:00+08:00', 'AVAILABLE', 1, 1),
    (5112, 4103, 4, TIMESTAMPTZ '2026-04-23 11:00:00+08:00', TIMESTAMPTZ '2026-04-23 11:20:00+08:00', 'AVAILABLE', 1, 1),
    (5113, 4104, 1, TIMESTAMPTZ '2026-04-24 09:00:00+08:00', TIMESTAMPTZ '2026-04-24 09:15:00+08:00', 'AVAILABLE', 1, 1),
    (5114, 4104, 2, TIMESTAMPTZ '2026-04-24 09:15:00+08:00', TIMESTAMPTZ '2026-04-24 09:30:00+08:00', 'AVAILABLE', 1, 1),
    (5115, 4104, 3, TIMESTAMPTZ '2026-04-24 09:30:00+08:00', TIMESTAMPTZ '2026-04-24 09:45:00+08:00', 'AVAILABLE', 1, 1),
    (5116, 4104, 4, TIMESTAMPTZ '2026-04-24 09:45:00+08:00', TIMESTAMPTZ '2026-04-24 10:00:00+08:00', 'AVAILABLE', 1, 1),
    (5117, 4105, 1, TIMESTAMPTZ '2026-04-24 14:00:00+08:00', TIMESTAMPTZ '2026-04-24 14:20:00+08:00', 'AVAILABLE', 1, 1),
    (5118, 4105, 2, TIMESTAMPTZ '2026-04-24 14:20:00+08:00', TIMESTAMPTZ '2026-04-24 14:40:00+08:00', 'AVAILABLE', 1, 1),
    (5119, 4105, 3, TIMESTAMPTZ '2026-04-24 14:40:00+08:00', TIMESTAMPTZ '2026-04-24 15:00:00+08:00', 'AVAILABLE', 1, 1),
    (5120, 4105, 4, TIMESTAMPTZ '2026-04-24 15:00:00+08:00', TIMESTAMPTZ '2026-04-24 15:20:00+08:00', 'AVAILABLE', 1, 1),
    (5121, 4106, 1, TIMESTAMPTZ '2026-04-24 10:00:00+08:00', TIMESTAMPTZ '2026-04-24 10:20:00+08:00', 'AVAILABLE', 1, 1),
    (5122, 4106, 2, TIMESTAMPTZ '2026-04-24 10:20:00+08:00', TIMESTAMPTZ '2026-04-24 10:40:00+08:00', 'AVAILABLE', 1, 1),
    (5123, 4106, 3, TIMESTAMPTZ '2026-04-24 10:40:00+08:00', TIMESTAMPTZ '2026-04-24 11:00:00+08:00', 'AVAILABLE', 1, 1),
    (5124, 4106, 4, TIMESTAMPTZ '2026-04-24 11:00:00+08:00', TIMESTAMPTZ '2026-04-24 11:20:00+08:00', 'AVAILABLE', 1, 1),
    (5125, 4107, 1, TIMESTAMPTZ '2026-04-25 09:00:00+08:00', TIMESTAMPTZ '2026-04-25 09:15:00+08:00', 'AVAILABLE', 1, 1),
    (5126, 4107, 2, TIMESTAMPTZ '2026-04-25 09:15:00+08:00', TIMESTAMPTZ '2026-04-25 09:30:00+08:00', 'AVAILABLE', 1, 1),
    (5127, 4107, 3, TIMESTAMPTZ '2026-04-25 09:30:00+08:00', TIMESTAMPTZ '2026-04-25 09:45:00+08:00', 'AVAILABLE', 1, 1),
    (5128, 4107, 4, TIMESTAMPTZ '2026-04-25 09:45:00+08:00', TIMESTAMPTZ '2026-04-25 10:00:00+08:00', 'AVAILABLE', 1, 1),
    (5129, 4108, 1, TIMESTAMPTZ '2026-04-25 14:00:00+08:00', TIMESTAMPTZ '2026-04-25 14:20:00+08:00', 'AVAILABLE', 1, 1),
    (5130, 4108, 2, TIMESTAMPTZ '2026-04-25 14:20:00+08:00', TIMESTAMPTZ '2026-04-25 14:40:00+08:00', 'AVAILABLE', 1, 1),
    (5131, 4108, 3, TIMESTAMPTZ '2026-04-25 14:40:00+08:00', TIMESTAMPTZ '2026-04-25 15:00:00+08:00', 'AVAILABLE', 1, 1),
    (5132, 4108, 4, TIMESTAMPTZ '2026-04-25 15:00:00+08:00', TIMESTAMPTZ '2026-04-25 15:20:00+08:00', 'AVAILABLE', 1, 1),
    (5133, 4109, 1, TIMESTAMPTZ '2026-04-25 10:00:00+08:00', TIMESTAMPTZ '2026-04-25 10:20:00+08:00', 'AVAILABLE', 1, 1),
    (5134, 4109, 2, TIMESTAMPTZ '2026-04-25 10:20:00+08:00', TIMESTAMPTZ '2026-04-25 10:40:00+08:00', 'AVAILABLE', 1, 1),
    (5135, 4109, 3, TIMESTAMPTZ '2026-04-25 10:40:00+08:00', TIMESTAMPTZ '2026-04-25 11:00:00+08:00', 'AVAILABLE', 1, 1),
    (5136, 4109, 4, TIMESTAMPTZ '2026-04-25 11:00:00+08:00', TIMESTAMPTZ '2026-04-25 11:20:00+08:00', 'AVAILABLE', 1, 1),
    (5137, 4110, 1, TIMESTAMPTZ '2026-04-26 09:00:00+08:00', TIMESTAMPTZ '2026-04-26 09:15:00+08:00', 'AVAILABLE', 1, 1),
    (5138, 4110, 2, TIMESTAMPTZ '2026-04-26 09:15:00+08:00', TIMESTAMPTZ '2026-04-26 09:30:00+08:00', 'AVAILABLE', 1, 1),
    (5139, 4110, 3, TIMESTAMPTZ '2026-04-26 09:30:00+08:00', TIMESTAMPTZ '2026-04-26 09:45:00+08:00', 'AVAILABLE', 1, 1),
    (5140, 4110, 4, TIMESTAMPTZ '2026-04-26 09:45:00+08:00', TIMESTAMPTZ '2026-04-26 10:00:00+08:00', 'AVAILABLE', 1, 1),
    (5141, 4111, 1, TIMESTAMPTZ '2026-04-26 14:00:00+08:00', TIMESTAMPTZ '2026-04-26 14:20:00+08:00', 'AVAILABLE', 1, 1),
    (5142, 4111, 2, TIMESTAMPTZ '2026-04-26 14:20:00+08:00', TIMESTAMPTZ '2026-04-26 14:40:00+08:00', 'AVAILABLE', 1, 1),
    (5143, 4111, 3, TIMESTAMPTZ '2026-04-26 14:40:00+08:00', TIMESTAMPTZ '2026-04-26 15:00:00+08:00', 'AVAILABLE', 1, 1),
    (5144, 4111, 4, TIMESTAMPTZ '2026-04-26 15:00:00+08:00', TIMESTAMPTZ '2026-04-26 15:20:00+08:00', 'AVAILABLE', 1, 1),
    (5145, 4112, 1, TIMESTAMPTZ '2026-04-26 10:00:00+08:00', TIMESTAMPTZ '2026-04-26 10:20:00+08:00', 'AVAILABLE', 1, 1),
    (5146, 4112, 2, TIMESTAMPTZ '2026-04-26 10:20:00+08:00', TIMESTAMPTZ '2026-04-26 10:40:00+08:00', 'AVAILABLE', 1, 1),
    (5147, 4112, 3, TIMESTAMPTZ '2026-04-26 10:40:00+08:00', TIMESTAMPTZ '2026-04-26 11:00:00+08:00', 'AVAILABLE', 1, 1),
    (5148, 4112, 4, TIMESTAMPTZ '2026-04-26 11:00:00+08:00', TIMESTAMPTZ '2026-04-26 11:20:00+08:00', 'AVAILABLE', 1, 1),
    (5149, 4113, 1, TIMESTAMPTZ '2026-04-27 09:00:00+08:00', TIMESTAMPTZ '2026-04-27 09:15:00+08:00', 'AVAILABLE', 1, 1),
    (5150, 4113, 2, TIMESTAMPTZ '2026-04-27 09:15:00+08:00', TIMESTAMPTZ '2026-04-27 09:30:00+08:00', 'AVAILABLE', 1, 1),
    (5151, 4113, 3, TIMESTAMPTZ '2026-04-27 09:30:00+08:00', TIMESTAMPTZ '2026-04-27 09:45:00+08:00', 'AVAILABLE', 1, 1),
    (5152, 4113, 4, TIMESTAMPTZ '2026-04-27 09:45:00+08:00', TIMESTAMPTZ '2026-04-27 10:00:00+08:00', 'AVAILABLE', 1, 1),
    (5153, 4114, 1, TIMESTAMPTZ '2026-04-27 14:00:00+08:00', TIMESTAMPTZ '2026-04-27 14:20:00+08:00', 'AVAILABLE', 1, 1),
    (5154, 4114, 2, TIMESTAMPTZ '2026-04-27 14:20:00+08:00', TIMESTAMPTZ '2026-04-27 14:40:00+08:00', 'AVAILABLE', 1, 1),
    (5155, 4114, 3, TIMESTAMPTZ '2026-04-27 14:40:00+08:00', TIMESTAMPTZ '2026-04-27 15:00:00+08:00', 'AVAILABLE', 1, 1),
    (5156, 4114, 4, TIMESTAMPTZ '2026-04-27 15:00:00+08:00', TIMESTAMPTZ '2026-04-27 15:20:00+08:00', 'AVAILABLE', 1, 1),
    (5157, 4115, 1, TIMESTAMPTZ '2026-04-27 10:00:00+08:00', TIMESTAMPTZ '2026-04-27 10:20:00+08:00', 'AVAILABLE', 1, 1),
    (5158, 4115, 2, TIMESTAMPTZ '2026-04-27 10:20:00+08:00', TIMESTAMPTZ '2026-04-27 10:40:00+08:00', 'AVAILABLE', 1, 1),
    (5159, 4115, 3, TIMESTAMPTZ '2026-04-27 10:40:00+08:00', TIMESTAMPTZ '2026-04-27 11:00:00+08:00', 'AVAILABLE', 1, 1),
    (5160, 4115, 4, TIMESTAMPTZ '2026-04-27 11:00:00+08:00', TIMESTAMPTZ '2026-04-27 11:20:00+08:00', 'AVAILABLE', 1, 1),
    (5161, 4116, 1, TIMESTAMPTZ '2026-04-28 09:00:00+08:00', TIMESTAMPTZ '2026-04-28 09:15:00+08:00', 'AVAILABLE', 1, 1),
    (5162, 4116, 2, TIMESTAMPTZ '2026-04-28 09:15:00+08:00', TIMESTAMPTZ '2026-04-28 09:30:00+08:00', 'AVAILABLE', 1, 1),
    (5163, 4116, 3, TIMESTAMPTZ '2026-04-28 09:30:00+08:00', TIMESTAMPTZ '2026-04-28 09:45:00+08:00', 'AVAILABLE', 1, 1),
    (5164, 4116, 4, TIMESTAMPTZ '2026-04-28 09:45:00+08:00', TIMESTAMPTZ '2026-04-28 10:00:00+08:00', 'AVAILABLE', 1, 1),
    (5165, 4117, 1, TIMESTAMPTZ '2026-04-28 14:00:00+08:00', TIMESTAMPTZ '2026-04-28 14:20:00+08:00', 'AVAILABLE', 1, 1),
    (5166, 4117, 2, TIMESTAMPTZ '2026-04-28 14:20:00+08:00', TIMESTAMPTZ '2026-04-28 14:40:00+08:00', 'AVAILABLE', 1, 1),
    (5167, 4117, 3, TIMESTAMPTZ '2026-04-28 14:40:00+08:00', TIMESTAMPTZ '2026-04-28 15:00:00+08:00', 'AVAILABLE', 1, 1),
    (5168, 4117, 4, TIMESTAMPTZ '2026-04-28 15:00:00+08:00', TIMESTAMPTZ '2026-04-28 15:20:00+08:00', 'AVAILABLE', 1, 1),
    (5169, 4118, 1, TIMESTAMPTZ '2026-04-28 10:00:00+08:00', TIMESTAMPTZ '2026-04-28 10:20:00+08:00', 'AVAILABLE', 1, 1),
    (5170, 4118, 2, TIMESTAMPTZ '2026-04-28 10:20:00+08:00', TIMESTAMPTZ '2026-04-28 10:40:00+08:00', 'AVAILABLE', 1, 1),
    (5171, 4118, 3, TIMESTAMPTZ '2026-04-28 10:40:00+08:00', TIMESTAMPTZ '2026-04-28 11:00:00+08:00', 'AVAILABLE', 1, 1),
    (5172, 4118, 4, TIMESTAMPTZ '2026-04-28 11:00:00+08:00', TIMESTAMPTZ '2026-04-28 11:20:00+08:00', 'AVAILABLE', 1, 1),
    (5173, 4119, 1, TIMESTAMPTZ '2026-04-29 09:00:00+08:00', TIMESTAMPTZ '2026-04-29 09:15:00+08:00', 'AVAILABLE', 1, 1),
    (5174, 4119, 2, TIMESTAMPTZ '2026-04-29 09:15:00+08:00', TIMESTAMPTZ '2026-04-29 09:30:00+08:00', 'AVAILABLE', 1, 1),
    (5175, 4119, 3, TIMESTAMPTZ '2026-04-29 09:30:00+08:00', TIMESTAMPTZ '2026-04-29 09:45:00+08:00', 'AVAILABLE', 1, 1),
    (5176, 4119, 4, TIMESTAMPTZ '2026-04-29 09:45:00+08:00', TIMESTAMPTZ '2026-04-29 10:00:00+08:00', 'AVAILABLE', 1, 1),
    (5177, 4120, 1, TIMESTAMPTZ '2026-04-29 14:00:00+08:00', TIMESTAMPTZ '2026-04-29 14:20:00+08:00', 'AVAILABLE', 1, 1),
    (5178, 4120, 2, TIMESTAMPTZ '2026-04-29 14:20:00+08:00', TIMESTAMPTZ '2026-04-29 14:40:00+08:00', 'AVAILABLE', 1, 1),
    (5179, 4120, 3, TIMESTAMPTZ '2026-04-29 14:40:00+08:00', TIMESTAMPTZ '2026-04-29 15:00:00+08:00', 'AVAILABLE', 1, 1),
    (5180, 4120, 4, TIMESTAMPTZ '2026-04-29 15:00:00+08:00', TIMESTAMPTZ '2026-04-29 15:20:00+08:00', 'AVAILABLE', 1, 1),
    (5181, 4121, 1, TIMESTAMPTZ '2026-04-29 10:00:00+08:00', TIMESTAMPTZ '2026-04-29 10:20:00+08:00', 'AVAILABLE', 1, 1),
    (5182, 4121, 2, TIMESTAMPTZ '2026-04-29 10:20:00+08:00', TIMESTAMPTZ '2026-04-29 10:40:00+08:00', 'AVAILABLE', 1, 1),
    (5183, 4121, 3, TIMESTAMPTZ '2026-04-29 10:40:00+08:00', TIMESTAMPTZ '2026-04-29 11:00:00+08:00', 'AVAILABLE', 1, 1),
    (5184, 4121, 4, TIMESTAMPTZ '2026-04-29 11:00:00+08:00', TIMESTAMPTZ '2026-04-29 11:20:00+08:00', 'AVAILABLE', 1, 1),
    (5201, 4201, 1, TIMESTAMPTZ '2026-04-17 09:00:00+08:00', TIMESTAMPTZ '2026-04-17 09:15:00+08:00', 'BOOKED', 1, 0),
    (5202, 4202, 1, TIMESTAMPTZ '2026-04-22 14:00:00+08:00', TIMESTAMPTZ '2026-04-22 14:20:00+08:00', 'BOOKED', 1, 0),
    (5203, 4203, 1, TIMESTAMPTZ '2026-04-21 15:00:00+08:00', TIMESTAMPTZ '2026-04-21 15:20:00+08:00', 'BOOKED', 1, 0)
ON CONFLICT (id) DO NOTHING;

INSERT INTO registration_order (
    id,
    order_no,
    patient_id,
    doctor_id,
    department_id,
    session_id,
    slot_id,
    order_status,
    fee,
    paid_at,
    created_at,
    updated_at
)
VALUES
    (6101, 'REG20260423001', 2003, 3201, 3103, 4101, 5101, 'CONFIRMED', 25.00, TIMESTAMPTZ '2026-04-22 08:30:00+08:00', TIMESTAMPTZ '2026-04-22 08:30:00+08:00', TIMESTAMPTZ '2026-04-22 08:45:00+08:00'),
    (6102, 'REG20260417001', 2006, 3201, 3103, 4201, 5201, 'COMPLETED', 25.00, TIMESTAMPTZ '2026-04-17 08:30:00+08:00', TIMESTAMPTZ '2026-04-17 08:30:00+08:00', TIMESTAMPTZ '2026-04-17 10:30:00+08:00'),
    (6103, 'REG20260422001', 2007, 3202, 3101, 4202, 5202, 'CONFIRMED', 40.00, TIMESTAMPTZ '2026-04-22 11:30:00+08:00', TIMESTAMPTZ '2026-04-22 11:30:00+08:00', TIMESTAMPTZ '2026-04-22 13:40:00+08:00'),
    (6104, 'REG20260421001', 2003, 3203, 3102, 4203, 5203, 'COMPLETED', 30.00, TIMESTAMPTZ '2026-04-21 13:30:00+08:00', TIMESTAMPTZ '2026-04-21 13:30:00+08:00', TIMESTAMPTZ '2026-04-21 16:00:00+08:00')
ON CONFLICT (order_no) DO NOTHING;

INSERT INTO visit_encounter (
    id,
    order_id,
    patient_id,
    doctor_id,
    department_id,
    encounter_status,
    started_at,
    ended_at,
    summary,
    created_at,
    updated_at
)
VALUES
    (8101, 6101, 2003, 3201, 3103, 'SCHEDULED', NULL, NULL, '已完成预问诊，待医生正式接诊并录入病历。', TIMESTAMPTZ '2026-04-22 08:30:00+08:00', TIMESTAMPTZ '2026-04-22 08:45:00+08:00'),
    (8102, 6102, 2006, 3201, 3103, 'COMPLETED', TIMESTAMPTZ '2026-04-17 09:00:00+08:00', TIMESTAMPTZ '2026-04-17 09:40:00+08:00', '发热伴咽痛已完成线下面诊，医生完成病历记录并开具口服药物。', TIMESTAMPTZ '2026-04-17 08:30:00+08:00', TIMESTAMPTZ '2026-04-17 09:50:00+08:00'),
    (8103, 6103, 2007, 3202, 3101, 'IN_PROGRESS', TIMESTAMPTZ '2026-04-22 13:40:00+08:00', NULL, '患者已进入诊室，医生正在结合症状摘要进行接诊。', TIMESTAMPTZ '2026-04-22 11:30:00+08:00', TIMESTAMPTZ '2026-04-22 13:40:00+08:00'),
    (8104, 6104, 2003, 3203, 3102, 'COMPLETED', TIMESTAMPTZ '2026-04-21 15:00:00+08:00', TIMESTAMPTZ '2026-04-21 15:25:00+08:00', '发热症状已完成线下面诊，医生建议休息补液并观察体温变化。', TIMESTAMPTZ '2026-04-21 13:30:00+08:00', TIMESTAMPTZ '2026-04-21 15:30:00+08:00')
ON CONFLICT (order_id) DO NOTHING;
